RefDes,Pin/Function,Net,Domain,Connection rule
J_MDB,1,MACH_34V_IN,MACHINE,Input power only
J_MDB,2,MACH_PWR_RETURN,MACHINE,PS1 primary return only
J_MDB,3,NC,MACHINE,No electrical connection
J_MDB,4,MDB_MASTER_RX_RAW,MACHINE,Passive high-impedance sense channel B only
J_MDB,5,MDB_MASTER_TX_RAW,MACHINE,Passive high-impedance sense channel A only
J_MDB,6,MDB_COMM_COMMON,MDB_SENSE,Communications reference and isolated sense-domain return only
F1,IN,MACH_34V_IN,MACHINE,From J_MDB pin1
F1,OUT,MACH_34V_FUSED,MACHINE,To reverse-polarity stage
Q_RP,IN,MACH_34V_FUSED,MACHINE,Reverse protection input
Q_RP,OUT,MACH_34V_PROTECTED,MACHINE,To transient/filter stage
D_TVS,A/K,MACH_34V_PROTECTED/MACH_PWR_RETURN,MACHINE,Exact polarity/device TBD after clamp calculation
FILTER,IN,MACH_34V_PROTECTED,MACHINE,Input EMI/transient filter
FILTER,OUT,PS1_VIN_PROTECTED,MACHINE,To PS1 pin1
PS1,1 +VIN,PS1_VIN_PROTECTED,MACHINE,Murata UEI15 candidate
PS1,2 -VIN,MACH_PWR_RETURN,MACHINE,Primary return
PS1,3 +VOUT,ISO_5V,LOGIC,Isolated 5V output
PS1,4 TRIM,PS1_TRIM_SECONDARY,LOGIC,Leave open for nominal output
PS1,5 -VOUT,LOGIC_GND,LOGIC,Isolated logic return
PS1,6 ON/OFF,PS1_REMOTE_PRIMARY,MACHINE,Negative-logic remote control
R_PS1_ENABLE,1,PS1_REMOTE_PRIMARY,MACHINE,0-ohm EVT enable option
R_PS1_ENABLE,2,MACH_PWR_RETURN,MACHINE,Always-on default for N suffix
J_CELL,VCC,ISO_5V,LOGIC,Air780 carrier external supply
J_CELL,GND,LOGIC_GND,LOGIC,Air780 carrier ground
J_CELL,TX,CELL_RX_3V3,LOGIC,To ESP32 GPIO1
J_CELL,RX,CELL_TX_3V3,LOGIC,From ESP32 GPIO2
ESP32,GPIO1,CELL_RX_3V3,LOGIC,Cellular receive
ESP32,GPIO2,CELL_TX_3V3,LOGIC,Cellular transmit
ESP32,GPIO4,MDB_TX_MON_3V3,LOGIC,Passive MDB Master-TX copy only
ESP32,GPIO5,MDB_RX_MON_3V3,LOGIC,Passive MDB Master-RX copy only
ESP32,GPIO17,DEX_RX_3V3,LOGIC,DEX receive
ESP32,GPIO18,DEX_TX_3V3,LOGIC,DEX transmit
ESP32,5V,ISO_5V,LOGIC,Validation carrier power
ESP32,GND,LOGIC_GND,LOGIC,Logic ground
PS_MDB,VIN+,ISO_5V,LOGIC,NXF1S0505MC primary positive
PS_MDB,VIN-,LOGIC_GND,LOGIC,NXF1S0505MC primary return
PS_MDB,VOUT+,MDB_SENSE_5V,MDB_SENSE,Regulated isolated 5V for MDB comparator and isolator side 1 only
PS_MDB,VOUT-,MDB_COMM_COMMON,MDB_SENSE,Secondary return tied only to MDB communications common
R_MDB_TX_SER,1,MDB_MASTER_TX_RAW,MDB_SENSE,100k bench-only raw series input candidate
R_MDB_TX_SER,2,MDB_TX_SENSE_NODE,MDB_SENSE,To TLV3202-Q1 channel A non-inverting input
R_MDB_RX_SER,1,MDB_MASTER_RX_RAW,MDB_SENSE,100k bench-only raw series input candidate
R_MDB_RX_SER,2,MDB_RX_SENSE_NODE,MDB_SENSE,To TLV3202-Q1 channel B non-inverting input
R_MDB_REF_TOP,1,MDB_SENSE_5V,MDB_SENSE,100k bench-only reference divider top
R_MDB_REF_TOP,2,MDB_THRESHOLD_REF,MDB_SENSE,Nominal 2.5V reference at 5.0V sense supply
R_MDB_REF_BOTTOM,1,MDB_THRESHOLD_REF,MDB_SENSE,100k bench-only reference divider bottom
R_MDB_REF_BOTTOM,2,MDB_COMM_COMMON,MDB_SENSE,Reference return
R_MDB_HYS_A,1,MDB_TX_SENSE_LOGIC,MDB_SENSE,2.2M positive feedback candidate
R_MDB_HYS_A,2,MDB_TX_SENSE_NODE,MDB_SENSE,Calculated nominal raw hysteresis about 227mV
R_MDB_HYS_B,1,MDB_RX_SENSE_LOGIC,MDB_SENSE,2.2M positive feedback candidate
R_MDB_HYS_B,2,MDB_RX_SENSE_NODE,MDB_SENSE,Calculated nominal raw hysteresis about 227mV
C_MDB_TX_IN,1,MDB_TX_SENSE_NODE,MDB_SENSE,10pF tuning footprint default DNI
C_MDB_TX_IN,2,MDB_COMM_COMMON,MDB_SENSE,If populated nominal 100k x 10pF tau about 1us
C_MDB_RX_IN,1,MDB_RX_SENSE_NODE,MDB_SENSE,10pF tuning footprint default DNI
C_MDB_RX_IN,2,MDB_COMM_COMMON,MDB_SENSE,If populated nominal 100k x 10pF tau about 1us
C_MDB_REF,1,MDB_THRESHOLD_REF,MDB_SENSE,10nF bench-only reference bypass candidate
C_MDB_REF,2,MDB_COMM_COMMON,MDB_SENSE,Reference bypass return
D_MDB_TX_PROTECT,NETWORK,MDB_MASTER_TX_RAW/MDB_TX_SENSE_NODE/MDB_COMM_COMMON,MDB_SENSE,DNI/TBD until low-leakage low-capacitance protection is validated
D_MDB_RX_PROTECT,NETWORK,MDB_MASTER_RX_RAW/MDB_RX_SENSE_NODE/MDB_COMM_COMMON,MDB_SENSE,DNI/TBD until low-leakage low-capacitance protection is validated
U_MDB_CMP,VCC,MDB_SENSE_5V,MDB_SENSE,TLV3202-Q1 candidate
U_MDB_CMP,GND,MDB_COMM_COMMON,MDB_SENSE,MDB communications-domain reference only
U_MDB_CMP,INA+,MDB_TX_SENSE_NODE,MDB_SENSE,Master-TX signal input
U_MDB_CMP,INA-,MDB_THRESHOLD_REF,MDB_SENSE,Master-TX reference input
U_MDB_CMP,INB+,MDB_RX_SENSE_NODE,MDB_SENSE,Master-RX signal input
U_MDB_CMP,INB-,MDB_THRESHOLD_REF,MDB_SENSE,Master-RX reference input
U_MDB_CMP,OUTA,MDB_TX_SENSE_LOGIC,MDB_SENSE,Machine-side logic output only
U_MDB_CMP,OUTB,MDB_RX_SENSE_LOGIC,MDB_SENSE,Machine-side logic output only
U_MDB_ISO,VCC1,MDB_SENSE_5V,MDB_SENSE,ISO7720 machine-side supply
U_MDB_ISO,GND1,MDB_COMM_COMMON,MDB_SENSE,ISO7720 machine-side return
U_MDB_ISO,IN_A,MDB_TX_SENSE_LOGIC,MDB_SENSE,Comparator A to isolator only
U_MDB_ISO,IN_B,MDB_RX_SENSE_LOGIC,MDB_SENSE,Comparator B to isolator only
U_MDB_ISO,VCC2,3V3_LOGIC,LOGIC,ISO7720 ESP32-side supply
U_MDB_ISO,GND2,LOGIC_GND,LOGIC,ISO7720 ESP32-side return
U_MDB_ISO,OUT_A,MDB_TX_MON_3V3,LOGIC,To ESP32 GPIO4
U_MDB_ISO,OUT_B,MDB_RX_MON_3V3,LOGIC,To ESP32 GPIO5
C_MDB_CMP,1,MDB_SENSE_5V,MDB_SENSE,0.1uF local bypass at comparator
C_MDB_CMP,2,MDB_COMM_COMMON,MDB_SENSE,Bypass return
C_MDB_ISO1,1,MDB_SENSE_5V,MDB_SENSE,0.1uF local bypass at isolator side1
C_MDB_ISO1,2,MDB_COMM_COMMON,MDB_SENSE,Bypass return
C_MDB_ISO2,1,3V3_LOGIC,LOGIC,0.1uF local bypass at isolator side2
C_MDB_ISO2,2,LOGIC_GND,LOGIC,Bypass return
U_DEX_UP,VCC,ISO_5V,LOGIC,SN74AHCT1G125 candidate
U_DEX_UP,GND,LOGIC_GND,LOGIC,Logic return
U_DEX_UP,/OE,LOGIC_GND,LOGIC,Always enabled in EVT
U_DEX_UP,A,DEX_TX_3V3,LOGIC,From ESP32 GPIO18 through optional series resistor
U_DEX_UP,Y,DEX_TX_5V,LOGIC,To ADM3251E pin9 TIN
U_DEX_DOWN,VCC,3V3_LOGIC,LOGIC,SN74LVC1G17 candidate
U_DEX_DOWN,GND,LOGIC_GND,LOGIC,Logic return
U_DEX_DOWN,A,DEX_RX_5V,LOGIC,From ADM3251E pin8 ROUT
U_DEX_DOWN,Y,DEX_RX_3V3,LOGIC,To ESP32 GPIO17 through optional series resistor
U_DEX,1 NC,NC,DEX_ISOLATED,Must remain unconnected
U_DEX,2 VCC,ISO_5V,LOGIC,ADM3251E logic supply
U_DEX,3 VCC,ISO_5V,LOGIC,ADM3251E logic supply and local bypass
U_DEX,4 GND,LOGIC_GND,LOGIC,Logic ground
U_DEX,5 GND,LOGIC_GND,LOGIC,Logic ground
U_DEX,6 GND,LOGIC_GND,LOGIC,Logic ground
U_DEX,7 GND,LOGIC_GND,LOGIC,Logic ground
U_DEX,8 ROUT,DEX_RX_5V,LOGIC,To U_DEX_DOWN
U_DEX,9 TIN,DEX_TX_5V,LOGIC,From U_DEX_UP
U_DEX,10 GND,LOGIC_GND,LOGIC,Logic ground
U_DEX,11 GNDISO,DEX_ISO_GND,DEX_ISOLATED,Machine-side DEX signal reference
U_DEX,12 V-,DEX_VNEG,DEX_ISOLATED,C4 to DEX_ISO_GND
U_DEX,13 C2-,DEX_C2_NEG,DEX_ISOLATED,C2 terminal
U_DEX,14 C2+,DEX_C2_POS,DEX_ISOLATED,C2 terminal
U_DEX,15 RIN,DEX_RS232_RX_MACHINE,DEX_ISOLATED,From machine DEX RX line
U_DEX,16 TOUT,DEX_RS232_TX_MACHINE,DEX_ISOLATED,To machine DEX TX line
U_DEX,17 C1-,DEX_C1_NEG,DEX_ISOLATED,C1 terminal
U_DEX,18 C1+,DEX_C1_POS,DEX_ISOLATED,C1 terminal
U_DEX,19 V+,DEX_VPOS,DEX_ISOLATED,C3 to VISO
U_DEX,20 VISO,DEX_VISO,DEX_ISOLATED,Internal isolated supply; no external loads
C_DEX_VCC,1,ISO_5V,LOGIC,0.1uF close to U_DEX VCC
C_DEX_VCC,2,LOGIC_GND,LOGIC,Bypass return
C_DEX_VISO,1,DEX_VISO,DEX_ISOLATED,0.1uF close to U_DEX
C_DEX_VISO,2,DEX_ISO_GND,DEX_ISOLATED,Isolated bypass return
C1,1,DEX_C1_POS,DEX_ISOLATED,0.1uF >=16V
C1,2,DEX_C1_NEG,DEX_ISOLATED,0.1uF >=16V
C2,1,DEX_C2_POS,DEX_ISOLATED,0.1uF >=16V
C2,2,DEX_C2_NEG,DEX_ISOLATED,0.1uF >=16V
C3,1,DEX_VPOS,DEX_ISOLATED,0.1uF >=10V
C3,2,DEX_VISO,DEX_ISOLATED,0.1uF >=10V
C4,1,DEX_VNEG,DEX_ISOLATED,0.1uF >=16V
C4,2,DEX_ISO_GND,DEX_ISOLATED,0.1uF >=16V
J_DEX,TX,DEX_RS232_TX_MACHINE,DEX_ISOLATED,Physical harness pin model-specific
J_DEX,RX,DEX_RS232_RX_MACHINE,DEX_ISOLATED,Physical harness pin model-specific
J_DEX,COMMON,DEX_ISO_GND,DEX_ISOLATED,Machine DEX signal common only
J_USB,GND,USB_GND,LOGIC,USB_GND belongs to logic domain
TP_MACH_34V,TP,MACH_34V_IN,MACHINE,Machine-side labeled test point
TP_MACH_RETURN,TP,MACH_PWR_RETURN,MACHINE,Machine-side labeled test point
TP_MDB_COMMON,TP,MDB_COMM_COMMON,MDB_SENSE,MDB communications-domain labeled test point
TP_MDB_SENSE5,TP,MDB_SENSE_5V,MDB_SENSE,Isolated MDB sense supply test point
TP_MDB_TX_RAW,TP,MDB_MASTER_TX_RAW,MDB_SENSE,Master-TX raw waveform test point
TP_MDB_RX_RAW,TP,MDB_MASTER_RX_RAW,MDB_SENSE,Master-RX raw waveform test point
TP_ISO5,TP,ISO_5V,LOGIC,Logic-side labeled test point
TP_3V3,TP,3V3_LOGIC,LOGIC,Logic-side labeled test point
TP_LOGIC_GND,TP,LOGIC_GND,LOGIC,Logic-side labeled test point
TP_DEX_ISO_GND,TP,DEX_ISO_GND,DEX_ISOLATED,Isolated DEX-side labeled test point
